Wk;Day;Date;Time;Home;xG;Score;xG;Away;Attendance;Venue;Referee;Match Report;Notes
1;Fri;16.08.19;21:00;Athletic Club;0.5;1–0;0.9;Barcelona;47,693;San Mamés;Carlos del Cerro;Match Report;
1;Sat;17.08.19;17:00;Celta Vigo;0.8;1–3;1.7;Real Madrid;23,566;Estadio de Balaídos;Javier Estrada;Match Report;
1;Sat;17.08.19;19:00;Valencia;2.3;1–1;1.3;Real Sociedad;41,846;Estadio de Mestalla;Jesús Gil;Match Report;
1;Sat;17.08.19;20:00;Mallorca;1.7;2–1;0.7;Eibar;15,127;Iberostar Estadi;Mario Melero;Match Report;
1;Sat;17.08.19;21:00;Leganés;1;0–1;0.2;Osasuna;10,020;Estadio Municipal de Butarque;Alberola Rojas;Match Report;
1;Sat;17.08.19;21:00;Villarreal;1.6;4–4;2.2;Granada;14,753;Estadio de la Cerámica;Adrián Cordero;Match Report;
1;Sun;18.08.19;17:00;Alavés;0.4;1–0;0.7;Levante;12,029;Estadio de Mendizorroza;César Soto;Match Report;
1;Sun;18.08.19;19:00;Espanyol;0.2;0–2;1.2;Sevilla;19,832;RCDE Stadium;Juan Martínez;Match Report;
1;Sun;18.08.19;21:00;Betis;0.9;1–2;0.7;Valladolid;51,497;Estadio Benito Villamarín;Santiago Jaime;Match Report;
1;Sun;18.08.19;22:00;Atlético Madrid;1.6;1–0;0.4;Getafe;55,099;Estadio Wanda Metropolitano;Guillermo Cuadra;Match Report;
;;;;;;;;;;;;;
2;Fri;23.08.19;20:00;Granada;0.6;0–1;0.5;Sevilla;15,849;Estadio Nuevo Los Cármenes;José Sánchez;Match Report;
2;Fri;23.08.19;22:00;Levante;2;2–1;2.8;Villarreal;20,240;Estadio Ciudad de Valencia;José Luis Munuera;Match Report;
2;Sat;24.08.19;17:00;Osasuna;0.6;0–0;0.6;Eibar;13,978;Estadio El Sadar;David Medié;Match Report;
2;Sat;24.08.19;19:00;Real Madrid;1.1;1–1;0.6;Valladolid;63,037;Estadio Santiago Bernabéu;Pablo González;Match Report;
2;Sat;24.08.19;21:00;Celta Vigo;1.8;1–0;0.9;Valencia;20,034;Estadio de Balaídos;Alejandro Hernández;Match Report;
2;Sat;24.08.19;21:00;Getafe;0.3;1–1;0.3;Athletic Club;10,103;Coliseum Alfonso Pérez;Antonio Matéu Lahoz;Match Report;
2;Sun;25.08.19;17:00;Alavés;0.5;0–0;0.1;Espanyol;14,567;Estadio de Mendizorroza;Eduardo Prieto;Match Report;
2;Sun;25.08.19;17:00;Mallorca;0.7;0–1;1.3;Real Sociedad;18,028;Iberostar Estadi;Valentín Pizarro;Match Report;
2;Sun;25.08.19;19:00;Leganés;0.4;0–1;1.1;Atlético Madrid;11,742;Estadio Municipal de Butarque;Ricardo de Burgos;Match Report;
2;Sun;25.08.19;21:00;Barcelona;1.8;5–2;0.2;Betis;79,159;Camp Nou;José González;Match Report;
;;;;;;;;;;;;;
3;Fri;30.08.19;20:00;Sevilla;1.3;1–1;0.5;Celta Vigo;37,787;Estadio Ramón Sánchez Pizjuán;Carlos del Cerro;Match Report;
3;Fri;30.08.19;22:00;Athletic Club;0.9;2–0;0.3;Real Sociedad;46,697;San Mamés;Javier Estrada;Match Report;
3;Sat;31.08.19;17:00;Osasuna;1.6;2–2;0.3;Barcelona;16,742;Estadio El Sadar;Juan Martínez;Match Report;
3;Sat;31.08.19;19:00;Levante;1.6;2–0;1;Valladolid;19,347;Estadio Ciudad de Valencia;Adrián Cordero;Match Report;
3;Sat;31.08.19;19:00;Getafe;1.1;1–1;0.9;Alavés;10,806;Coliseum Alfonso Pérez;Mario Melero;Match Report;
3;Sat;31.08.19;21:00;Betis;1.5;2–1;1;Leganés;47,819;Estadio Benito Villamarín;Guillermo Cuadra;Match Report;
3;Sun;01.09.19;17:00;Valencia;2.1;2–0;1.2;Mallorca;40,441;Estadio de Mestalla;Alberola Rojas;Match Report;
3;Sun;01.09.19;19:00;Atlético Madrid;1.6;3–2;0.6;Eibar;56,664;Estadio Wanda Metropolitano;Santiago Jaime;Match Report;
3;Sun;01.09.19;19:00;Espanyol;0.9;0–3;1.5;Granada;20,870;RCDE Stadium;César Soto;Match Report;
3;Sun;01.09.19;21:00;Villarreal;1.5;2–2;1.8;Real Madrid;20,128;Estadio de la Cerámica;Jesús Gil;Match Report;
;;;;;;;;;;;;;
4;Fri;13.09.19;21:00;Mallorca;1.6;0–0;1.2;Athletic Club;16,390;Iberostar Estadi;Pablo González;Match Report;
4;Sat;14.09.19;13:00;Real Madrid;2.5;3–2;0.7;Levante;60,401;Estadio Santiago Bernabéu;Ricardo de Burgos;Match Report;
4;Sat;14.09.19;16:00;Leganés;0.6;0–3;0.9;Villarreal;7,670;Estadio Municipal de Butarque;David Medié;Match Report;
4;Sat;14.09.19;18:30;Real Sociedad;1.3;2–0;1;Atlético Madrid;34,719;Estadio Municipal de Anoeta;Antonio Matéu Lahoz;Match Report;
4;Sat;14.09.19;21:00;Barcelona;2;5–2;1.3;Valencia;81,617;Camp Nou;José Sánchez;Match Report;
4;Sun;15.09.19;12:00;Eibar;0.5;1–2;1.5;Espanyol;5,410;Estadio Municipal de Ipurúa;Valentín Pizarro;Match Report;
4;Sun;15.09.19;14:00;Alavés;0.5;0–1;1.3;Sevilla;16,309;Estadio de Mendizorroza;Alejandro Hernández;Match Report;
4;Sun;15.09.19;16:00;Celta Vigo;0.2;0–2;1.1;Granada;18,259;Estadio de Balaídos;Eduardo Prieto;Match Report;
4;Sun;15.09.19;18:30;Valladolid;0.7;1–1;1.9;Osasuna;20,670;Estadio Municipal José Zorrilla;José Luis Munuera;Match Report;
4;Sun;15.09.19;21:00;Betis;0.9;1–1;1.4;Getafe;47,884;Estadio Benito Villamarín;José González;Match Report;
;;;;;;;;;;;;;
5;Fri;20.09.19;21:00;Osasuna;1.5;0–0;0.4;Betis;15,569;Estadio El Sadar;Carlos del Cerro;Match Report;
5;Sat;21.09.19;13:00;Villarreal;2;2–0;0.5;Valladolid;16,195;Estadio de la Cerámica;César Soto;Match Report;
5;Sat;21.09.19;16:00;Levante;1.1;0–0;1.4;Eibar;18,904;Estadio Ciudad de Valencia;Alberola Rojas;Match Report;
5;Sat;21.09.19;18:30;Atlético Madrid;1.1;0–0;0.4;Celta Vigo;57,701;Estadio Wanda Metropolitano;Mario Melero;Match Report;
5;Sat;21.09.19;21:00;Granada;1.7;2–0;0.7;Barcelona;18,880;Estadio Nuevo Los Cármenes;Guillermo Cuadra;Match Report;
5;Sun;22.09.19;12:00;Getafe;2;4–2;0.7;Mallorca;11,338;Coliseum Alfonso Pérez;Santiago Jaime;Match Report;
5;Sun;22.09.19;14:00;Espanyol;1;1–3;1.1;Real Sociedad;19,173;RCDE Stadium;Adrián Cordero;Match Report;
5;Sun;22.09.19;16:00;Valencia;1.4;1–1;0.9;Leganés;39,014;Estadio de Mestalla;Javier Estrada;Match Report;
5;Sun;22.09.19;18:30;Athletic Club;2.3;2–0;0.5;Alavés;45,143;San Mamés;Jesús Gil;Match Report;
5;Sun;22.09.19;21:00;Sevilla;0.4;0–1;0.9;Real Madrid;42,354;Estadio Ramón Sánchez Pizjuán;Juan Martínez;Match Report;
;;;;;;;;;;;;;
6;Tue;24.09.19;19:00;Valladolid;1.3;1–1;0.4;Granada;18,410;Estadio Municipal José Zorrilla;Valentín Pizarro;Match Report;
6;Tue;24.09.19;20:00;Betis;2.7;3–1;1.2;Levante;44,560;Estadio Benito Villamarín;Eduardo Prieto;Match Report;
6;Tue;24.09.19;21:00;Barcelona;0.7;2–1;0.5;Villarreal;70,316;Camp Nou;Ricardo de Burgos;Match Report;
6;Wed;25.09.19;19:00;Leganés;0.4;1–1;1.1;Athletic Club;11,036;Estadio Municipal de Butarque;José González;Match Report;
6;Wed;25.09.19;19:00;Mallorca;0.5;0–2;1;Atlético Madrid;19,348;Iberostar Estadi;Alejandro Hernández;Match Report;
6;Wed;25.09.19;20:00;Valencia;1.1;3–3;1.8;Getafe;37,814;Estadio de Mestalla;José Luis Munuera;Match Report;
6;Wed;25.09.19;21:00;Real Madrid;1.2;2–0;0.1;Osasuna;57,520;Estadio Santiago Bernabéu;Antonio Matéu Lahoz;Match Report;
6;Thu;26.09.19;19:00;Eibar;1.6;3–2;1.6;Sevilla;5,434;Estadio Municipal de Ipurúa;Pablo González;Match Report;
6;Thu;26.09.19;20:00;Celta Vigo;0.7;1–1;1.4;Espanyol;16,361;Estadio de Balaídos;José Sánchez;Match Report;
6;Thu;26.09.19;21:00;Real Sociedad;3.1;3–0;0.2;Alavés;28,720;Estadio Municipal de Anoeta;David Medié;Match Report;
;;;;;;;;;;;;;
7;Fri;27.09.19;21:00;Villarreal;3;5–1;0.9;Betis;18,135;Estadio de la Cerámica;Javier Estrada;Match Report;
7;Sat;28.09.19;13:00;Athletic Club;1.1;0–1;1.7;Valencia;42,420;San Mamés;Mario Melero;Match Report;
7;Sat;28.09.19;16:00;Getafe;0.6;0–2;1.4;Barcelona;15,135;Coliseum Alfonso Pérez;Jesús Gil;Match Report;
7;Sat;28.09.19;18:30;Granada;0.7;1–0;1.1;Leganés;15,519;Estadio Nuevo Los Cármenes;Adrián Cordero;Match Report;
7;Sat;28.09.19;21:00;Atlético Madrid;0.5;0–0;0.4;Real Madrid;68,032;Estadio Wanda Metropolitano;José González;Match Report;
7;Sun;29.09.19;12:00;Espanyol;1.1;0–2;1.5;Valladolid;20,911;RCDE Stadium;Guillermo Cuadra;Match Report;
7;Sun;29.09.19;14:00;Eibar;0.8;2–0;0.9;Celta Vigo;5,453;Estadio Municipal de Ipurúa;Juan Martínez;Match Report;
7;Sun;29.09.19;16:00;Alavés;1.8;2–0;0.1;Mallorca;17,135;Estadio de Mendizorroza;Carlos del Cerro;Match Report;
7;Sun;29.09.19;18:30;Levante;1.3;1–1;1.1;Osasuna;19,362;Estadio Ciudad de Valencia;César Soto;Match Report;
7;Sun;29.09.19;21:00;Sevilla;1.3;3–2;0.9;Real Sociedad;37,414;Estadio Ramón Sánchez Pizjuán;Alberola Rojas;Match Report;
;;;;;;;;;;;;;
8;Fri;04.10.19;21:00;Betis;1.5;1–1;1.3;Eibar;47,056;Estadio Benito Villamarín;Alejandro Hernández;Match Report;
8;Sat;05.10.19;13:00;Leganés;2.7;1–2;1.3;Levante;10,160;Estadio Municipal de Butarque;José Luis Munuera;Match Report;
8;Sat;05.10.19;16:00;Real Madrid;2.2;4–2;1.6;Granada;70,315;Estadio Santiago Bernabéu;Santiago Jaime;Match Report;
8;Sat;05.10.19;18:30;Valencia;1.3;2–1;1;Alavés;38,943;Estadio de Mestalla;Eduardo Prieto;Match Report;
8;Sat;05.10.19;21:00;Osasuna;1.1;2–1;1.6;Villarreal;15,349;Estadio El Sadar;Valentín Pizarro;Match Report;
8;Sun;06.10.19;12:00;Mallorca;0.6;2–0;1;Espanyol;15,052;Iberostar Estadi;Ricardo de Burgos;Match Report;
8;Sun;06.10.19;14:00;Celta Vigo;1.7;1–0;0.2;Athletic Club;19,690;Estadio de Balaídos;David Medié;Match Report;
8;Sun;06.10.19;16:00;Valladolid;1.1;0–0;0.9;Atlético Madrid;23,650;Estadio Municipal José Zorrilla;José Sánchez;Match Report;
8;Sun;06.10.19;18:30;Real Sociedad;1;1–2;0.9;Getafe;30,153;Estadio Municipal de Anoeta;Pablo González;Match Report;
8;Sun;06.10.19;21:00;Barcelona;2;4–0;1.8;Sevilla;81,331;Camp Nou;Antonio Matéu Lahoz;Match Report;
;;;;;;;;;;;;;
9;Fri;18.10.19;21:00;Granada;0.4;1–0;0.9;Osasuna;16,986;Estadio Nuevo Los Cármenes;Javier Estrada;Match Report;
9;Sat;19.10.19;13:00;Eibar;0.4;0–3;2.1;Barcelona;7,295;Estadio Municipal de Ipurúa;Mario Melero;Match Report;
9;Sat;19.10.19;16:00;Atlético Madrid;1.7;1–1;0.6;Valencia;61,603;Estadio Wanda Metropolitano;Adrián Cordero;Match Report;
9;Sat;19.10.19;18:30;Getafe;1;2–0;0.4;Leganés;13;Coliseum Alfonso Pérez;Juan Martínez;Match Report;
9;Sat;19.10.19;21:00;Mallorca;0.2;1–0;0.9;Real Madrid;20,275;Iberostar Estadi;Alberola Rojas;Match Report;
9;Sun;20.10.19;12:00;Alavés;1.8;2–0;1;Celta Vigo;16,584;Estadio de Mendizorroza;José González;Match Report;
9;Sun;20.10.19;14:00;Real Sociedad;1.4;3–1;0.9;Betis;28,032;Estadio Municipal de Anoeta;César Soto;Match Report;
9;Sun;20.10.19;16:00;Espanyol;0.9;0–1;1.3;Villarreal;20,653;RCDE Stadium;Carlos del Cerro;Match Report;
9;Sun;20.10.19;18:30;Athletic Club;1.2;1–1;0.8;Valladolid;37,107;San Mamés;Jesús Gil;Match Report;
9;Sun;20.10.19;21:00;Sevilla;2.3;1–0;0.5;Levante;34,612;Estadio Ramón Sánchez Pizjuán;Guillermo Cuadra;Match Report;
;;;;;;;;;;;;;
10;Fri;25.10.19;21:00;Villarreal;2.7;4–1;0.7;Alavés;16,049;Estadio de la Cerámica;David Medié;Match Report;
10;Sat;26.10.19;16:00;Leganés;1.6;1–0;0.6;Mallorca;10,058;Estadio Municipal de Butarque;Eduardo Prieto;Match Report;
10;Sat;26.10.19;18:30;Valladolid;1.9;2–0;0.5;Eibar;20,036;Estadio Municipal José Zorrilla;José Luis Munuera;Match Report;
10;Sat;26.10.19;21:00;Atlético Madrid;1.7;2–0;0.4;Athletic Club;59,211;Estadio Wanda Metropolitano;Alejandro Hernández;Match Report;
10;Sun;27.10.19;12:00;Celta Vigo;0.6;0–1;0.7;Real Sociedad;18,002;Estadio de Balaídos;Valentín Pizarro;Match Report;
10;Sun;27.10.19;14:00;Granada;1.8;1–0;0.7;Betis;18,985;Estadio Nuevo Los Cármenes;Antonio Matéu Lahoz;Match Report;
10;Sun;27.10.19;16:00;Levante;0.4;0–1;1;Espanyol;18,934;Estadio Ciudad de Valencia;Pablo González;Match Report;
10;Sun;27.10.19;18:30;Sevilla;2;2–0;0.8;Getafe;38,181;Estadio Ramón Sánchez Pizjuán;José Sánchez;Match Report;
10;Sun;27.10.19;21:00;Osasuna;2.7;3–1;0.9;Valencia;14,976;Estadio El Sadar;Santiago Jaime;Match Report;
;;;;;;;;;;;;;
11;Tue;29.10.19;19:00;Alavés;0.7;1–1;1.3;Atlético Madrid;17,235;Estadio de Mendizorroza;Javier Estrada;Match Report;
11;Tue;29.10.19;21:15;Barcelona;3.1;5–1;0.7;Valladolid;59,896;Camp Nou;Alberola Rojas;Match Report;
11;Wed;30.10.19;19:00;Valencia;0.8;1–1;0.4;Sevilla;37,881;Estadio de Mestalla;Carlos del Cerro;Match Report;
11;Wed;30.10.19;19:00;Real Sociedad;1.8;1–2;1.8;Levante;28,142;Estadio Municipal de Anoeta;Mario Melero;Match Report;
11;Wed;30.10.19;20:00;Athletic Club;0.4;3–0;0.7;Espanyol;37,094;San Mamés;Juan Martínez;Match Report;
11;Wed;30.10.19;21:00;Betis;1.1;2–1;1.7;Celta Vigo;43,353;Estadio Benito Villamarín;Jesús Gil;Match Report;
11;Wed;30.10.19;21:15;Real Madrid;4.3;5–0;0.2;Leganés;53,870;Estadio Santiago Bernabéu;César Soto;Match Report;
11;Thu;31.10.19;19:00;Mallorca;2.4;2–2;0.9;Osasuna;12,641;Iberostar Estadi;Adrián Cordero;Match Report;
11;Thu;31.10.19;19:00;Eibar;2;2–1;1.6;Villarreal;5,583;Estadio Municipal de Ipurúa;Guillermo Cuadra;Match Report;
11;Thu;31.10.19;21:15;Getafe;0.8;3–1;1.5;Granada;10,227;Coliseum Alfonso Pérez;José González;Match Report;
;;;;;;;;;;;;;
12;Sat;02.11.19;13:00;Espanyol;1.4;1–2;1.7;Valencia;18,428;RCDE Stadium;Valentín Pizarro;Match Report;
12;Sat;02.11.19;16:00;Levante;0.9;3–1;2.1;Barcelona;23,341;Estadio Ciudad de Valencia;Alejandro Hernández;Match Report;
12;Sat;02.11.19;18:30;Sevilla;0.8;1–1;1.9;Atlético Madrid;39,957;Estadio Ramón Sánchez Pizjuán;José González;Match Report;
12;Sat;02.11.19;21:00;Real Madrid;2.3;0–0;0.5;Betis;70,375;Estadio Santiago Bernabéu;José Sánchez;Match Report;
12;Sun;03.11.19;12:00;Valladolid;2;3–0;0.6;Mallorca;18,419;Estadio Municipal José Zorrilla;David Medié;Match Report;
12;Sun;03.11.19;14:00;Villarreal;0.8;0–0;0.7;Athletic Club;17,460;Estadio de la Cerámica;Santiago Jaime;Match Report;
12;Sun;03.11.19;16:00;Osasuna;3.8;4–2;1.7;Alavés;15,954;Estadio El Sadar;José Luis Munuera;Match Report;
12;Sun;03.11.19;18:30;Celta Vigo;0.2;0–1;0.5;Getafe;14,704;Estadio de Balaídos;Antonio Matéu Lahoz;Match Report;
12;Sun;03.11.19;18:30;Leganés;1.2;1–2;0.8;Eibar;9,649;Estadio Municipal de Butarque;Pablo González;Match Report;
12;Sun;03.11.19;21:00;Granada;0.2;1–2;0.9;Real Sociedad;16,898;Estadio Nuevo Los Cármenes;Eduardo Prieto;Match Report;
;;;;;;;;;;;;;
13;Fri;08.11.19;21:00;Real Sociedad;1.1;1–1;0.9;Leganés;27,684;Estadio Municipal de Anoeta;Juan Martínez;Match Report;
13;Sat;09.11.19;13:00;Alavés;2.9;3–0;0.3;Valladolid;16,148;Estadio de Mendizorroza;Mario Melero;Match Report;
13;Sat;09.11.19;16:00;Valencia;1.1;2–0;0.4;Granada;39,882;Estadio de Mestalla;Javier Estrada;Match Report;
13;Sat;09.11.19;18:30;Eibar;0.7;0–4;2.7;Real Madrid;7,045;Estadio Municipal de Ipurúa;Adrián Cordero;Match Report;
13;Sat;09.11.19;21:00;Barcelona;1.7;4–1;0.3;Celta Vigo;71,209;Camp Nou;Guillermo Cuadra;Match Report;
13;Sun;10.11.19;12:00;Mallorca;1.7;3–1;2.7;Villarreal;8,348;Iberostar Estadi;Carlos del Cerro;Match Report;
13;Sun;10.11.19;14:00;Athletic Club;2.1;2–1;0.8;Levante;33,202;San Mamés;Alberola Rojas;Match Report;
13;Sun;10.11.19;16:00;Atlético Madrid;2.5;3–1;0.3;Espanyol;53,069;Estadio Wanda Metropolitano;Jesús Gil;Match Report;
13;Sun;10.11.19;18:30;Getafe;1.3;0–0;0.1;Osasuna;10,558;Coliseum Alfonso Pérez;César Soto;Match Report;
13;Sun;10.11.19;21:00;Betis;1.4;1–2;0.8;Sevilla;52,123;Estadio Benito Villamarín;Alejandro Hernández;Match Report;
;;;;;;;;;;;;;
14;Fri;22.11.19;21:00;Levante;1.4;2–1;1.4;Mallorca;15,110;Estadio Ciudad de Valencia;Valentín Pizarro;Match Report;
14;Sat;23.11.19;13:00;Leganés;0.4;1–2;1.6;Barcelona;12,110;Estadio Municipal de Butarque;Santiago Jaime;Match Report;
14;Sat;23.11.19;16:00;Betis;1.8;2–1;0.8;Valencia;46,545;Estadio Benito Villamarín;Ricardo de Burgos;Match Report;
14;Sat;23.11.19;18:30;Granada;0.6;1–1;1.4;Atlético Madrid;17,003;Estadio Nuevo Los Cármenes;David Medié;Match Report;
14;Sat;23.11.19;21:00;Real Madrid;1.4;3–1;2;Real Sociedad;69,305;Estadio Santiago Bernabéu;Jesús Gil;Match Report;
14;Sun;24.11.19;12:00;Espanyol;1;1–1;0.7;Getafe;22,031;RCDE Stadium;Pablo González;Match Report;
14;Sun;24.11.19;14:00;Osasuna;1;1–2;1;Athletic Club;16,145;Estadio El Sadar;José Sánchez;Match Report;
14;Sun;24.11.19;16:00;Eibar;1.5;0–2;2.1;Alavés;6,315;Estadio Municipal de Ipurúa;Antonio Matéu Lahoz;Match Report;
14;Sun;24.11.19;18:30;Villarreal;0.8;1–3;1.9;Celta Vigo;17,352;Estadio de la Cerámica;José Luis Munuera;Match Report;
14;Sun;24.11.19;21:00;Valladolid;0.6;0–1;1.2;Sevilla;18,169;Estadio Municipal José Zorrilla;Eduardo Prieto;Match Report;
;;;;;;;;;;;;;
15;Fri;29.11.19;21:00;Celta Vigo;0.9;0–0;0.4;Valladolid;16,918;Estadio de Balaídos;Alberola Rojas;Match Report;
15;Sat;30.11.19;13:00;Alavés;1.4;1–2;2.1;Real Madrid;19,357;Estadio de Mendizorroza;Guillermo Cuadra;Match Report;
15;Sat;30.11.19;16:00;Real Sociedad;1.4;4–1;0.8;Eibar;28,612;Estadio Municipal de Anoeta;Carlos del Cerro;Match Report;
15;Sat;30.11.19;18:30;Mallorca;2.7;1–2;2.9;Betis;16,810;Iberostar Estadi;Juan Martínez;Match Report;
15;Sat;30.11.19;21:00;Valencia;1.1;2–1;2.1;Villarreal;38,521;Estadio de Mestalla;César Soto;Match Report;
15;Sun;01.12.19;12:00;Sevilla;1.9;1–0;0.8;Leganés;33,648;Estadio Ramón Sánchez Pizjuán;Ricardo de Burgos;Match Report;
15;Sun;01.12.19;14:00;Athletic Club;2.2;2–0;0.8;Granada;37,974;San Mamés;Adrián Cordero;Match Report;
15;Sun;01.12.19;16:00;Espanyol;1.4;2–4;2.5;Osasuna;21,238;RCDE Stadium;Mario Melero;Match Report;
15;Sun;01.12.19;18:30;Getafe;1.7;4–0;0.3;Levante;6,535;Coliseum Alfonso Pérez;Javier Estrada;Match Report;
15;Sun;01.12.19;21:00;Atlético Madrid;1.2;0–1;1.1;Barcelona;64,226;Estadio Wanda Metropolitano;Antonio Matéu Lahoz;Match Report;
;;;;;;;;;;;;;
16;Fri;06.12.19;21:00;Villarreal;1.6;0–0;1.5;Atlético Madrid;17,964;Estadio de la Cerámica;Alejandro Hernández;Match Report;
16;Sat;07.12.19;13:00;Real Madrid;1.9;2–0;0.3;Espanyol;64,125;Estadio Santiago Bernabéu;Santiago Jaime;Match Report;
16;Sat;07.12.19;16:00;Granada;2;3–0;0.3;Alavés;14,773;Estadio Nuevo Los Cármenes;Jesús Gil;Match Report;
16;Sat;07.12.19;18:30;Levante;2.2;2–4;2.6;Valencia;23,137;Estadio Ciudad de Valencia;David Medié;Match Report;
16;Sat;07.12.19;21:00;Barcelona;3.4;5–2;1.2;Mallorca;71,072;Camp Nou;José Luis Munuera;Match Report;
16;Sun;08.12.19;12:00;Eibar;0.4;0–1;0.9;Getafe;5,969;Estadio Municipal de Ipurúa;Eduardo Prieto;Match Report;
16;Sun;08.12.19;14:00;Betis;1.5;3–2;0.9;Athletic Club;46,106;Estadio Benito Villamarín;Valentín Pizarro;Match Report;
16;Sun;08.12.19;16:00;Valladolid;0.5;0–0;1.4;Real Sociedad;18,654;Estadio Municipal José Zorrilla;Pablo González;Match Report;
16;Sun;08.12.19;18:30;Leganés;0.9;3–2;0.4;Celta Vigo;7,115;Estadio Municipal de Butarque;José Sánchez;Match Report;
16;Sun;08.12.19;21:00;Osasuna;0.9;1–1;1.4;Sevilla;15,045;Estadio El Sadar;Javier Estrada;Match Report;
;;;;;;;;;;;;;
17;Fri;13.12.19;21:00;Alavés;1;1–1;0.6;Leganés;15,567;Estadio de Mendizorroza;César Soto;Match Report;
17;Sat;14.12.19;13:00;Granada;0.8;1–2;1.1;Levante;14,127;Estadio Nuevo Los Cármenes;Carlos del Cerro;Match Report;
17;Sat;14.12.19;16:00;Real Sociedad;2.5;2–2;2;Barcelona;36,639;Estadio Municipal de Anoeta;Alberola Rojas;Match Report;
17;Sat;14.12.19;18:30;Athletic Club;0.9;0–0;0.2;Eibar;43,203;San Mamés;Mario Melero;Match Report;
17;Sat;14.12.19;21:00;Atlético Madrid;1.9;2–0;0.9;Osasuna;46,033;Estadio Wanda Metropolitano;José Luis Munuera;Match Report;
17;Sun;15.12.19;12:00;Getafe;0.9;2–0;0.4;Valladolid;10,816;Coliseum Alfonso Pérez;Antonio Matéu Lahoz;Match Report;
17;Sun;15.12.19;14:00;Celta Vigo;2.5;2–2;1.7;Mallorca;13,247;Estadio de Balaídos;Ricardo de Burgos;Match Report;
17;Sun;15.12.19;16:00;Espanyol;1.2;2–2;0.8;Betis;22,248;RCDE Stadium;Guillermo Cuadra;Match Report;
17;Sun;15.12.19;18:30;Sevilla;1.8;1–2;1.7;Villarreal;36,521;Estadio Ramón Sánchez Pizjuán;Adrián Cordero;Match Report;
17;Sun;15.12.19;21:00;Valencia;1.6;1–1;1.3;Real Madrid;44,230;Estadio de Mestalla;José Sánchez;Match Report;
;;;;;;;;;;;;;
10;Wed;18.12.19;20:00;Barcelona;0.9;0–0;0.9;Real Madrid;93,426;Camp Nou;Alejandro Hernández;Match Report;
;;;;;;;;;;;;;
18;Fri;20.12.19;21:00;Eibar;2.6;3–0;1.4;Granada;5,341;Estadio Municipal de Ipurúa;Pablo González;Match Report;
18;Sat;21.12.19;13:00;Mallorca;1;0–2;1.5;Sevilla;14,321;Iberostar Estadi;Jesús Gil;Match Report;
18;Sat;21.12.19;16:00;Barcelona;1.2;4–1;0.6;Alavés;63,054;Camp Nou;Mario Melero;Match Report;
18;Sat;21.12.19;18:30;Villarreal;1.8;1–0;0.5;Getafe;14,526;Estadio de la Cerámica;Santiago Jaime;Match Report;
18;Sat;21.12.19;21:00;Valladolid;1.1;1–1;1;Valencia;16,295;Estadio Municipal José Zorrilla;Valentín Pizarro;Match Report;
18;Sun;22.12.19;12:00;Leganés;0.9;2–0;0.6;Espanyol;10,183;Estadio Municipal de Butarque;Alberola Rojas;Match Report;
18;Sun;22.12.19;14:00;Osasuna;1.8;3–4;2.2;Real Sociedad;16,197;Estadio El Sadar;David Medié;Match Report;
18;Sun;22.12.19;16:00;Betis;0.7;1–2;1.6;Atlético Madrid;52,017;Estadio Benito Villamarín;Javier Estrada;Match Report;
18;Sun;22.12.19;18:30;Levante;2.5;3–1;0.9;Celta Vigo;18,653;Estadio Ciudad de Valencia;Eduardo Prieto;Match Report;
18;Sun;22.12.19;21:00;Real Madrid;2.3;0–0;0.6;Athletic Club;71,306;Estadio Santiago Bernabéu;Adrián Cordero;Match Report;
;;;;;;;;;;;;;
19;Fri;03.01.20;19:00;Valladolid;1.1;2–2;2.3;Leganés;21,492;Estadio Municipal José Zorrilla;Juan Martínez;Match Report;
19;Fri;03.01.20;21:00;Sevilla;1.3;1–1;0.2;Athletic Club;37,972;Estadio Ramón Sánchez Pizjuán;José González;Match Report;
19;Sat;04.01.20;13:00;Valencia;0.5;1–0;1.3;Eibar;39,702;Estadio de Mestalla;Alejandro Hernández;Match Report;
19;Sat;04.01.20;16:00;Getafe;0.7;0–3;2.3;Real Madrid;15,426;Coliseum Alfonso Pérez;José Luis Munuera;Match Report;
19;Sat;04.01.20;18:30;Atlético Madrid;1.4;2–1;0.4;Levante;59,084;Estadio Wanda Metropolitano;Ricardo de Burgos;Match Report;
19;Sat;04.01.20;21:00;Espanyol;0.4;2–2;1.7;Barcelona;33,562;RCDE Stadium;Carlos del Cerro;Match Report;
19;Sun;05.01.20;12:00;Granada;1.5;1–0;1.2;Mallorca;16,395;Estadio Nuevo Los Cármenes;César Soto;Match Report;
19;Sun;05.01.20;14:00;Real Sociedad;0.9;1–2;1.4;Villarreal;31,538;Estadio Municipal de Anoeta;José Sánchez;Match Report;
19;Sun;05.01.20;16:00;Alavés;0.5;1–1;1.7;Betis;17,689;Estadio de Mendizorroza;Antonio Matéu Lahoz;Match Report;
19;Sun;05.01.20;21:00;Celta Vigo;1.9;1–1;0.7;Osasuna;11,932;Estadio de Balaídos;Guillermo Cuadra;Match Report;
;;;;;;;;;;;;;
20;Fri;17.01.20;21:00;Leganés;0.3;0–3;1.6;Getafe;11,450;Estadio Municipal de Butarque;Javier Estrada;Match Report;
20;Sat;18.01.20;13:00;Levante;1;0–1;1.8;Alavés;16,848;Estadio Ciudad de Valencia;Guillermo Cuadra;Match Report;
20;Sat;18.01.20;16:00;Real Madrid;1.2;2–1;0.5;Sevilla;72,512;Estadio Santiago Bernabéu;Juan Martínez;Match Report;
20;Sat;18.01.20;18:30;Osasuna;1.3;0–0;0.6;Valladolid;15,382;Estadio El Sadar;Alberola Rojas;Match Report;
20;Sat;18.01.20;21:00;Eibar;1.1;2–0;0.9;Atlético Madrid;6,429;Estadio Municipal de Ipurúa;Jesús Gil;Match Report;
20;Sun;19.01.20;12:00;Mallorca;1.8;4–1;0.4;Valencia;9,856;Iberostar Estadi;Mario Melero;Match Report;
20;Sun;19.01.20;14:00;Betis;1.6;3–0;0.5;Real Sociedad;51,171;Estadio Benito Villamarín;Adrián Cordero;Match Report;
20;Sun;19.01.20;16:00;Villarreal;2.1;1–2;1.5;Espanyol;12,053;Estadio de la Cerámica;Pablo González;Match Report;
20;Sun;19.01.20;18:30;Athletic Club;3.4;1–1;0.6;Celta Vigo;41,348;San Mamés;David Medié;Match Report;
20;Sun;19.01.20;21:00;Barcelona;1.6;1–0;0.2;Granada;65,444;Camp Nou;Valentín Pizarro;Match Report;
;;;;;;;;;;;;;
21;Fri;24.01.20;21:00;Osasuna;1.9;2–0;0.5;Levante;14,667;Estadio El Sadar;César Soto;Match Report;
21;Sat;25.01.20;13:00;Espanyol;0.6;1–1;0.9;Athletic Club;27,542;RCDE Stadium;José Sánchez;Match Report;
21;Sat;25.01.20;16:00;Valencia;1.3;2–0;1.1;Barcelona;45,882;Estadio de Mestalla;Jesús Gil;Match Report;
21;Sat;25.01.20;18:30;Alavés;0.5;1–2;1.2;Villarreal;18,153;Estadio de Mendizorroza;José Luis Munuera;Match Report;
21;Sat;25.01.20;21:00;Sevilla;0.7;2–0;0.6;Granada;33,533;Estadio Ramón Sánchez Pizjuán;Alejandro Hernández;Match Report;
21;Sun;26.01.20;12:00;Atlético Madrid;1;0–0;0.7;Leganés;52,767;Estadio Wanda Metropolitano;Antonio Matéu Lahoz;Match Report;
21;Sun;26.01.20;14:00;Celta Vigo;1.1;0–0;0.1;Eibar;15,490;Estadio de Balaídos;José González;Match Report;
21;Sun;26.01.20;16:00;Getafe;1.3;1–0;1.3;Betis;13,244;Coliseum Alfonso Pérez;Eduardo Prieto;Match Report;
21;Sun;26.01.20;18:30;Real Sociedad;1.7;3–0;0.5;Mallorca;29,912;Estadio Municipal de Anoeta;Santiago Jaime;Match Report;
21;Sun;26.01.20;21:00;Valladolid;0.3;0–1;0.5;Real Madrid;23,404;Estadio Municipal José Zorrilla;Ricardo de Burgos;Match Report;
;;;;;;;;;;;;;
22;Sat;01.02.20;13:00;Granada;0.7;2–1;1.8;Espanyol;15,226;Estadio Nuevo Los Cármenes;Guillermo Cuadra;Match Report;
22;Sat;01.02.20;16:00;Real Madrid;1.1;1–0;0.2;Atlético Madrid;77,223;Estadio Santiago Bernabéu;Javier Estrada;Match Report;
22;Sat;01.02.20;18:30;Mallorca;0.5;0–1;0.8;Valladolid;13,891;Iberostar Estadi;David Medié;Match Report;
22;Sat;01.02.20;21:00;Valencia;0.9;1–0;1.2;Celta Vigo;39,637;Estadio de Mestalla;Pablo González;Match Report;
22;Sun;02.02.20;12:00;Leganés;1.1;2–1;0.1;Real Sociedad;10,842;Estadio Municipal de Butarque;Mario Melero;Match Report;
22;Sun;02.02.20;14:00;Eibar;1.8;1–1;1.5;Betis;6,558;Estadio Municipal de Ipurúa;Juan Martínez;Match Report;
22;Sun;02.02.20;16:00;Athletic Club;0.8;0–2;1.5;Getafe;40,291;San Mamés;Alberola Rojas;Match Report;
22;Sun;02.02.20;18:30;Sevilla;1.4;1–1;0.6;Alavés;36,286;Estadio Ramón Sánchez Pizjuán;Carlos del Cerro;Match Report;
22;Sun;02.02.20;18:30;Villarreal;1.7;3–1;0.9;Osasuna;17,081;Estadio de la Cerámica;Valentín Pizarro;Match Report;
22;Sun;02.02.20;21:00;Barcelona;3.5;2–1;1.2;Levante;60,295;Camp Nou;Adrián Cordero;Match Report;
;;;;;;;;;;;;;
23;Fri;07.02.20;21:00;Alavés;1.2;2–1;0.2;Eibar;17,089;Estadio de Mendizorroza;Eduardo Prieto;Match Report;
23;Sat;08.02.20;13:00;Levante;0.9;2–0;1;Leganés;17,110;Estadio Ciudad de Valencia;José González;Match Report;
23;Sat;08.02.20;16:00;Getafe;2.8;3–0;0.3;Valencia;13,070;Coliseum Alfonso Pérez;Ricardo de Burgos;Match Report;
23;Sat;08.02.20;18:30;Valladolid;0.6;1–1;1;Villarreal;17,547;Estadio Municipal José Zorrilla;Alejandro Hernández;Match Report;
23;Sat;08.02.20;21:00;Atlético Madrid;0.8;1–0;0.7;Granada;54,113;Estadio Wanda Metropolitano;César Soto;Match Report;
23;Sun;09.02.20;12:00;Espanyol;1;1–0;0.6;Mallorca;32,084;RCDE Stadium;Antonio Matéu Lahoz;Match Report;
23;Sun;09.02.20;14:00;Real Sociedad;1.6;2–1;0.3;Athletic Club;36,730;Estadio Municipal de Anoeta;José Luis Munuera;Match Report;
23;Sun;09.02.20;16:00;Osasuna;0.8;1–4;2.4;Real Madrid;17,000;Estadio El Sadar;Jesús Gil;Match Report;
23;Sun;09.02.20;18:30;Celta Vigo;1.2;2–1;1;Sevilla;20,375;Estadio de Balaídos;Santiago Jaime;Match Report;
23;Sun;09.02.20;21:00;Betis;1;2–3;1.5;Barcelona;54,526;Estadio Benito Villamarín;José Sánchez;Match Report;
;;;;;;;;;;;;;
24;Fri;14.02.20;21:00;Valencia;1.4;2–2;0.9;Atlético Madrid;42,297;Estadio de Mestalla;David Medié;Match Report;
24;Sat;15.02.20;13:00;Mallorca;1.8;1–0;0.9;Alavés;12,329;Iberostar Estadi;Valentín Pizarro;Match Report;
24;Sat;15.02.20;16:00;Barcelona;1.8;2–1;0.8;Getafe;89,409;Camp Nou;Guillermo Cuadra;Match Report;
24;Sat;15.02.20;18:30;Villarreal;0.8;2–1;1.4;Levante;17,269;Estadio de la Cerámica;Mario Melero;Match Report;
24;Sat;15.02.20;21:00;Granada;1.8;2–1;0.7;Valladolid;15,782;Estadio Nuevo Los Cármenes;Juan Martínez;Match Report;
24;Sun;16.02.20;12:00;Sevilla;1.2;2–2;0.5;Espanyol;35,661;Estadio Ramón Sánchez Pizjuán;Adrián Cordero;Match Report;
24;Sun;16.02.20;14:00;Leganés;0.9;0–0;0.5;Betis;11,160;Estadio Municipal de Butarque;Javier Estrada;Match Report;
24;Sun;16.02.20;18:30;Athletic Club;0.7;0–1;0.4;Osasuna;44,222;San Mamés;Pablo González;Match Report;
24;Sun;16.02.20;21:00;Real Madrid;1.5;2–2;1;Celta Vigo;62,477;Estadio Santiago Bernabéu;Alberola Rojas;Match Report;
;;;;;;;;;;;;;
25;Fri;21.02.20;21:00;Betis;3.2;3–3;0.6;Mallorca;47,231;Estadio Benito Villamarín;Jesús Gil;Match Report;
25;Sat;22.02.20;13:00;Celta Vigo;0.2;1–0;0.4;Leganés;19,335;Estadio de Balaídos;José Luis Munuera;Match Report;
25;Sat;22.02.20;16:00;Barcelona;3.9;5–0;0.6;Eibar;66,970;Camp Nou;César Soto;Match Report;
25;Sat;22.02.20;18:30;Real Sociedad;1.9;3–0;0.3;Valencia;31,381;Estadio Municipal de Anoeta;José González;Match Report;
25;Sat;22.02.20;21:00;Levante;0.3;1–0;1.6;Real Madrid;23,566;Estadio Ciudad de Valencia;Alejandro Hernández;Match Report;
25;Sun;23.02.20;12:00;Osasuna;0.7;0–3;1.5;Granada;14,866;Estadio El Sadar;José Sánchez;Match Report;
25;Sun;23.02.20;14:00;Alavés;1.6;2–1;0.8;Athletic Club;19,412;Estadio de Mendizorroza;Antonio Matéu Lahoz;Match Report;
25;Sun;23.02.20;16:00;Valladolid;1.4;2–1;1.2;Espanyol;19,645;Estadio Municipal José Zorrilla;Eduardo Prieto;Match Report;
25;Sun;23.02.20;18:30;Getafe;0.3;0–3;2.3;Sevilla;13,438;Coliseum Alfonso Pérez;Javier Estrada;Match Report;
25;Sun;23.02.20;21:00;Atlético Madrid;1.3;3–1;0.7;Villarreal;54,462;Estadio Wanda Metropolitano;Ricardo de Burgos;Match Report;
;;;;;;;;;;;;;
26;Fri;28.02.20;21:00;Real Sociedad;1.2;1–0;0.5;Valladolid;30,611;Estadio Municipal de Anoeta;Valentín Pizarro;Match Report;
26;Sat;29.02.20;13:00;Eibar;2.4;3–0;0.8;Levante;5,920;Estadio Municipal de Ipurúa;Pablo González;Match Report;
26;Sat;29.02.20;16:00;Valencia;0.6;2–1;1.2;Betis;37,418;Estadio de Mestalla;Adrián Cordero;Match Report;
26;Sat;29.02.20;18:30;Leganés;0.8;1–1;1;Alavés;10,043;Estadio Municipal de Butarque;Juan Martínez;Match Report;
26;Sat;29.02.20;21:00;Granada;0.7;0–0;0.3;Celta Vigo;15,877;Estadio Nuevo Los Cármenes;Guillermo Cuadra;Match Report;
26;Sun;01.03.20;12:00;Sevilla;1.8;3–2;1.6;Osasuna;31,382;Estadio Ramón Sánchez Pizjuán;Carlos del Cerro;Match Report;
26;Sun;01.03.20;14:00;Athletic Club;2.7;1–0;0.8;Villarreal;36,350;San Mamés;David Medié;Match Report;
26;Sun;01.03.20;16:00;Espanyol;1.1;1–1;0.8;Atlético Madrid;30,360;RCDE Stadium;Alberola Rojas;Match Report;
26;Sun;01.03.20;18:30;Mallorca;0.1;0–1;0.7;Getafe;14,241;Iberostar Estadi;Mario Melero;Match Report;
26;Sun;01.03.20;21:00;Real Madrid;1.1;2–0;1;Barcelona;78,357;Estadio Santiago Bernabéu;Antonio Matéu Lahoz;Match Report;
;;;;;;;;;;;;;
27;Fri;06.03.20;21:00;Alavés;1.2;1–1;0.5;Valencia;14,083;Estadio de Mendizorroza;Jesús Gil;Match Report;
27;Sat;07.03.20;13:00;Eibar;0.9;1–2;1.1;Mallorca;6,110;Estadio Municipal de Ipurúa;Javier Estrada;Match Report;
27;Sat;07.03.20;16:00;Atlético Madrid;2.6;2–2;1.5;Sevilla;60,422;Estadio Wanda Metropolitano;Alejandro Hernández;Match Report;
27;Sat;07.03.20;18:30;Barcelona;1.9;1–0;0.7;Real Sociedad;77,035;Camp Nou;Juan Martínez;Match Report;
27;Sat;07.03.20;21:00;Getafe;1;0–0;0.6;Celta Vigo;11,286;Coliseum Alfonso Pérez;José Sánchez;Match Report;
27;Sun;08.03.20;12:00;Osasuna;2;1–0;0.3;Espanyol;15,737;Estadio El Sadar;Ricardo de Burgos;Match Report;
27;Sun;08.03.20;14:00;Valladolid;1.9;1–4;0.7;Athletic Club;21,632;Estadio Municipal José Zorrilla;José Luis Munuera;Match Report;
27;Sun;08.03.20;16:00;Levante;1.1;1–1;1.3;Granada;16,168;Estadio Ciudad de Valencia;Eduardo Prieto;Match Report;
27;Sun;08.03.20;18:30;Villarreal;1.5;1–2;1.5;Leganés;16,143;Estadio de la Cerámica;César Soto;Match Report;
27;Sun;08.03.20;21:00;Betis;1.2;2–1;1.4;Real Madrid;51,521;Estadio Benito Villamarín;José González;Match Report;
;;;;;;;;;;;;;
24;Tue;10.03.20;20:00;Eibar;2.2;1–2;1.5;Real Sociedad;;Estadio Municipal de Ipurúa;David Medié;Match Report;
;;;;;;;;;;;;;
28;Thu;11.06.20;22:00;Sevilla;1.5;2–0;0.5;Betis;;Estadio Ramón Sánchez Pizjuán;Antonio Matéu Lahoz;Match Report;
28;Fri;12.06.20;19:30;Granada;1.7;2–1;0.7;Getafe;;Estadio Nuevo Los Cármenes;David Medié;Match Report;
28;Fri;12.06.20;22:00;Valencia;0.8;1–1;1.3;Levante;;Estadio de Mestalla;Alberola Rojas;Match Report;
28;Sat;13.06.20;14:00;Espanyol;1.7;2–0;0.2;Alavés;;RCDE Stadium;Pablo González;Match Report;
28;Sat;13.06.20;17:00;Celta Vigo;0.1;0–1;2;Villarreal;;Estadio de Balaídos;Valentín Pizarro;Match Report;
28;Sat;13.06.20;19:30;Leganés;1.2;1–2;1.3;Valladolid;;Estadio Municipal de Butarque;Mario Melero;Match Report;
28;Sat;13.06.20;22:00;Mallorca;0.8;0–4;2.4;Barcelona;;Iberostar Estadi;Carlos del Cerro;Match Report;
28;Sun;14.06.20;14:00;Athletic Club;0.4;1–1;1.4;Atlético Madrid;;San Mamés;José González;Match Report;
28;Sun;14.06.20;19:30;Real Madrid;1.3;3–1;0.6;Eibar;;Estadio Alfredo Di Stéfano;Guillermo Cuadra;Match Report;
28;Sun;14.06.20;22:00;Real Sociedad;1.4;1–1;1.3;Osasuna;;Estadio Municipal de Anoeta;Adrián Cordero;Match Report;
;;;;;;;;;;;;;
29;Mon;15.06.20;19:30;Levante;0.8;1–1;0.8;Sevilla;;Estadio Ciudad de Valencia;Alejandro Hernández;Match Report;
29;Mon;15.06.20;22:00;Betis;1.7;2–2;0.7;Granada;;Estadio Benito Villamarín;César Soto;Match Report;
29;Tue;16.06.20;19:30;Getafe;1.3;0–0;0.9;Espanyol;;Coliseum Alfonso Pérez;José Luis Munuera;Match Report;
29;Tue;16.06.20;19:30;Villarreal;1.6;1–0;1.4;Mallorca;;Estadio de la Cerámica;Javier Estrada;Match Report;
29;Tue;16.06.20;22:00;Barcelona;1.5;2–0;0.8;Leganés;;Camp Nou;Juan Martínez;Match Report;
29;Wed;17.06.20;19:30;Eibar;2.1;2–2;1.3;Athletic Club;;Estadio Municipal de Ipurúa;Eduardo Prieto;Match Report;
29;Wed;17.06.20;19:30;Valladolid;0.4;0–0;1.1;Celta Vigo;;Estadio Municipal José Zorrilla;Jesús Gil;Match Report;
29;Wed;17.06.20;22:00;Osasuna;1.1;0–5;2;Atlético Madrid;;Estadio El Sadar;Ricardo de Burgos;Match Report;
29;Thu;18.06.20;19:30;Alavés;1.9;2–0;0.4;Real Sociedad;;Estadio de Mendizorroza;Santiago Jaime;Match Report;
29;Thu;18.06.20;22:00;Real Madrid;1.8;3–0;0.4;Valencia;;Estadio Alfredo Di Stéfano;José Sánchez;Match Report;
;;;;;;;;;;;;;
30;Fri;19.06.20;19:30;Mallorca;0.4;1–1;1.5;Leganés;;Iberostar Estadi;Antonio Matéu Lahoz;Match Report;
30;Fri;19.06.20;19:30;Granada;1.2;0–1;0.6;Villarreal;;Estadio Nuevo Los Cármenes;Guillermo Cuadra;Match Report;
30;Fri;19.06.20;22:00;Sevilla;0.5;0–0;0.6;Barcelona;;Estadio Ramón Sánchez Pizjuán;José González;Match Report;
30;Sat;20.06.20;14:00;Espanyol;0.5;1–3;1.6;Levante;;RCDE Stadium;Carlos del Cerro;Match Report;
30;Sat;20.06.20;17:00;Athletic Club;1.4;1–0;1.4;Betis;;San Mamés;Valentín Pizarro;Match Report;
30;Sat;20.06.20;19:30;Getafe;0.5;1–1;0.8;Eibar;;Coliseum Alfonso Pérez;Alberola Rojas;Match Report;
30;Sat;20.06.20;22:00;Atlético Madrid;1.1;1–0;0.5;Valladolid;;Estadio Wanda Metropolitano;Pablo González;Match Report;
30;Sun;21.06.20;14:00;Celta Vigo;2.7;6–0;0.4;Alavés;;Estadio de Balaídos;Adrián Cordero;Match Report;
30;Sun;21.06.20;19:30;Valencia;1.4;2–0;1.5;Osasuna;;Estadio de Mestalla;David Medié;Match Report;
30;Sun;21.06.20;22:00;Real Sociedad;0.6;1–2;1.4;Real Madrid;;Estadio Municipal de Anoeta;Javier Estrada;Match Report;
;;;;;;;;;;;;;
31;Mon;22.06.20;19:30;Villarreal;0.7;2–2;1;Sevilla;;Estadio de la Cerámica;José Sánchez;Match Report;
31;Mon;22.06.20;22:00;Leganés;1.5;0–0;0.3;Granada;;Estadio Municipal de Butarque;Ricardo de Burgos;Match Report;
31;Tue;23.06.20;19:30;Levante;0.8;0–1;1.2;Atlético Madrid;;Estadio Ciudad de Valencia;José Luis Munuera;Match Report;
31;Tue;23.06.20;19:30;Valladolid;1.5;1–1;0.7;Getafe;;Estadio Municipal José Zorrilla;César Soto;Match Report;
31;Tue;23.06.20;22:00;Barcelona;1.7;1–0;0.7;Athletic Club;;Camp Nou;Jesús Gil;Match Report;
31;Wed;24.06.20;19:30;Real Sociedad;0.7;0–1;0.9;Celta Vigo;;Estadio Municipal de Anoeta;Eduardo Prieto;Match Report;
31;Wed;24.06.20;19:30;Alavés;0.5;0–1;0.7;Osasuna;;Estadio de Mendizorroza;Alejandro Hernández;Match Report;
31;Wed;24.06.20;22:00;Real Madrid;1.5;2–0;0.6;Mallorca;;Estadio Alfredo Di Stéfano;Mario Melero;Match Report;
31;Thu;25.06.20;19:30;Eibar;0.5;1–0;0.5;Valencia;;Estadio Municipal de Ipurúa;Santiago Jaime;Match Report;
31;Thu;25.06.20;22:00;Betis;0.6;1–0;1;Espanyol;;Estadio Benito Villamarín;Juan Martínez;Match Report;
;;;;;;;;;;;;;
32;Fri;26.06.20;22:00;Sevilla;1.3;1–1;0.6;Valladolid;;Estadio Ramón Sánchez Pizjuán;Valentín Pizarro;Match Report;
32;Sat;27.06.20;14:00;Athletic Club;2.3;3–1;1.2;Mallorca;;San Mamés;Pablo González;Match Report;
32;Sat;27.06.20;17:00;Celta Vigo;2.6;2–2;1.8;Barcelona;;Estadio de Balaídos;Guillermo Cuadra;Match Report;
32;Sat;27.06.20;19:30;Osasuna;0.7;2–1;1.4;Leganés;;Estadio El Sadar;Alberola Rojas;Match Report;
32;Sat;27.06.20;22:00;Atlético Madrid;1.5;2–1;1;Alavés;;Estadio Wanda Metropolitano;Mario Melero;Match Report;
32;Sun;28.06.20;14:00;Levante;1.7;4–2;1.9;Betis;;Estadio Ciudad de Valencia;Santiago Jaime;Match Report;
32;Sun;28.06.20;17:00;Villarreal;1.4;2–0;0.3;Valencia;;Estadio de la Cerámica;José González;Match Report;
32;Sun;28.06.20;19:30;Granada;1.2;1–2;1.7;Eibar;;Estadio Nuevo Los Cármenes;Carlos del Cerro;Match Report;
32;Sun;28.06.20;22:00;Espanyol;0.8;0–1;2.2;Real Madrid;;RCDE Stadium;Antonio Matéu Lahoz;Match Report;
32;Mon;29.06.20;22:00;Getafe;1.1;2–1;0.8;Real Sociedad;;Coliseum Alfonso Pérez;Adrián Cordero;Match Report;
;;;;;;;;;;;;;
33;Tue;30.06.20;19:30;Mallorca;1.5;5–1;1.5;Celta Vigo;;Iberostar Estadi;Ricardo de Burgos;Match Report;
33;Tue;30.06.20;21:00;Leganés;0.6;0–3;1.3;Sevilla;;Estadio Municipal de Butarque;César Soto;Match Report;
33;Tue;30.06.20;22:00;Barcelona;1.4;2–2;1.9;Atlético Madrid;;Camp Nou;Alejandro Hernández;Match Report;
33;Wed;01.07.20;19:30;Alavés;1.1;0–2;1.1;Granada;;Estadio de Mendizorroza;Eduardo Prieto;Match Report;
33;Wed;01.07.20;19:30;Valencia;1.3;0–2;0.7;Athletic Club;;Estadio de Mestalla;Javier Estrada;Match Report;
33;Wed;01.07.20;22:00;Betis;0.4;0–2;2.2;Villarreal;;Estadio Benito Villamarín;Jesús Gil;Match Report;
33;Wed;01.07.20;22:00;Valladolid;1.7;0–0;0.2;Levante;;Estadio Municipal José Zorrilla;David Medié;Match Report;
33;Thu;02.07.20;19:30;Eibar;1;0–2;0.9;Osasuna;;Estadio Municipal de Ipurúa;José Luis Munuera;Match Report;
33;Thu;02.07.20;19:30;Real Sociedad;1.4;2–1;0.2;Espanyol;;Estadio Municipal de Anoeta;José Sánchez;Match Report;
33;Thu;02.07.20;22:00;Real Madrid;1.6;1–0;0.3;Getafe;;Estadio Alfredo Di Stéfano;Juan Martínez;Match Report;
;;;;;;;;;;;;;
34;Fri;03.07.20;22:00;Atlético Madrid;3.4;3–0;0.8;Mallorca;;Estadio Wanda Metropolitano;Alberola Rojas;Match Report;
34;Sat;04.07.20;17:00;Celta Vigo;0.3;1–1;0.6;Betis;;Estadio de Balaídos;Pablo González;Match Report;
34;Sat;04.07.20;19:30;Valladolid;0.4;1–0;0.4;Alavés;;Estadio Municipal José Zorrilla;Santiago Jaime;Match Report;
34;Sat;04.07.20;22:00;Granada;1.9;2–2;0.6;Valencia;;Estadio Nuevo Los Cármenes;Adrián Cordero;Match Report;
34;Sun;05.07.20;14:00;Athletic Club;0.3;0–1;2.1;Real Madrid;;San Mamés;José González;Match Report;
34;Sun;05.07.20;17:00;Espanyol;0.4;0–1;0.4;Leganés;;RCDE Stadium;Guillermo Cuadra;Match Report;
34;Sun;05.07.20;19:30;Osasuna;0.5;0–0;0.2;Getafe;;Estadio El Sadar;Mario Melero;Match Report;
34;Sun;05.07.20;22:00;Villarreal;1;1–4;3;Barcelona;;Estadio de la Cerámica;Carlos del Cerro;Match Report;
34;Mon;06.07.20;19:30;Levante;0.7;1–1;1.1;Real Sociedad;;Estadio Ciudad de Valencia;Valentín Pizarro;Match Report;
34;Mon;06.07.20;22:00;Sevilla;1;1–0;1.4;Eibar;;Estadio Ramón Sánchez Pizjuán;Antonio Matéu Lahoz;Match Report;
;;;;;;;;;;;;;
35;Tue;07.07.20;19:30;Valencia;1.5;2–1;0.7;Valladolid;;Estadio de Mestalla;Ricardo de Burgos;Match Report;
35;Tue;07.07.20;22:00;Celta Vigo;0.3;1–1;1.4;Atlético Madrid;;Estadio de Balaídos;José Sánchez;Match Report;
35;Wed;08.07.20;20:30;Betis;2.1;3–0;0.6;Osasuna;;Estadio Benito Villamarín;Alejandro Hernández;Match Report;
35;Wed;08.07.20;20:30;Getafe;0.5;1–3;2.1;Villarreal;;Coliseum Alfonso Pérez;Javier Estrada;Match Report;
35;Wed;08.07.20;22:00;Barcelona;1.1;1–0;0.8;Espanyol;;Camp Nou;José Luis Munuera;Match Report;
35;Thu;09.07.20;19:30;Eibar;0.3;0–0;0.3;Leganés;;Estadio Municipal de Ipurúa;Eduardo Prieto;Match Report;
35;Thu;09.07.20;19:30;Mallorca;1.3;2–0;1.1;Levante;;Iberostar Estadi;César Soto;Match Report;
35;Thu;09.07.20;22:00;Athletic Club;0.8;1–2;1.6;Sevilla;;San Mamés;David Medié;Match Report;
35;Fri;10.07.20;19:30;Real Sociedad;1.3;2–3;0.5;Granada;;Estadio Municipal de Anoeta;Juan Martínez;Match Report;
35;Fri;10.07.20;22:00;Real Madrid;3.1;2–0;1.1;Alavés;;Estadio Alfredo Di Stéfano;Jesús Gil;Match Report;
;;;;;;;;;;;;;
36;Sat;11.07.20;17:00;Osasuna;1.4;2–1;1.2;Celta Vigo;;Estadio El Sadar;Valentín Pizarro;Match Report;
36;Sat;11.07.20;19:30;Valladolid;1;0–1;1.4;Barcelona;;Estadio Municipal José Zorrilla;Antonio Matéu Lahoz;Match Report;
36;Sat;11.07.20;22:00;Atlético Madrid;0.7;1–0;1.3;Betis;;Estadio Wanda Metropolitano;José González;Match Report;
36;Sun;12.07.20;14:00;Espanyol;0.8;0–2;2.1;Eibar;;RCDE Stadium;Carlos del Cerro;Match Report;
36;Sun;12.07.20;17:00;Levante;1.2;1–2;1;Athletic Club;;Estadio Ciudad de Valencia;Alberola Rojas;Match Report;
36;Sun;12.07.20;19:30;Leganés;1.3;1–0;1.3;Valencia;;Estadio Municipal de Butarque;Mario Melero;Match Report;
36;Sun;12.07.20;22:00;Sevilla;1.7;2–0;0.4;Mallorca;;Estadio Ramón Sánchez Pizjuán;Adrián Cordero;Match Report;
36;Mon;13.07.20;19:30;Villarreal;0.3;1–2;0.9;Real Sociedad;;Estadio de la Cerámica;Guillermo Cuadra;Match Report;
36;Mon;13.07.20;19:30;Alavés;0.2;0–0;1;Getafe;;Estadio de Mendizorroza;Pablo González;Match Report;
36;Mon;13.07.20;22:00;Granada;0.9;1–2;0.5;Real Madrid;;Estadio Nuevo Los Cármenes;Santiago Jaime;Match Report;
;;;;;;;;;;;;;
37;Thu;16.07.20;18:30;Eibar;2.4;3–1;1.8;Valladolid;;Estadio Municipal de Ipurúa;César Soto;Match Report;
37;Thu;16.07.20;21:00;Celta Vigo;1.4;2–3;1;Levante;;Estadio de Balaídos;José Luis Munuera;Match Report;
37;Thu;16.07.20;21:00;Betis;1.7;1–2;1.5;Alavés;;Estadio Benito Villamarín;David Medié;Match Report;
37;Thu;16.07.20;21:00;Getafe;1.4;0–2;1.3;Atlético Madrid;;Coliseum Alfonso Pérez;Antonio Matéu Lahoz;Match Report;
37;Thu;16.07.20;21:00;Valencia;1.3;1–0;0.8;Espanyol;;Estadio de Mestalla;Eduardo Prieto;Match Report;
37;Thu;16.07.20;21:00;Barcelona;1.4;1–2;0.7;Osasuna;;Camp Nou;José Sánchez;Match Report;
37;Thu;16.07.20;21:00;Athletic Club;0.6;0–2;1.6;Leganés;;San Mamés;Juan Martínez;Match Report;
37;Thu;16.07.20;21:00;Mallorca;1.3;1–2;0.7;Granada;;Iberostar Estadi;Javier Estrada;Match Report;
37;Thu;16.07.20;21:00;Real Sociedad;0.6;0–0;0.5;Sevilla;;Estadio Municipal de Anoeta;Carlos del Cerro;Match Report;
37;Thu;16.07.20;21:00;Real Madrid;1.7;2–1;0.7;Villarreal;;Estadio Alfredo Di Stéfano;Alejandro Hernández;Match Report;
;;;;;;;;;;;;;
38;Sun;19.07.20;17:00;Alavés;0.4;0–5;3;Barcelona;;Estadio de Mendizorroza;Juan Martínez;Match Report;
38;Sun;19.07.20;18:30;Villarreal;2.1;4–0;0.6;Eibar;;Estadio de la Cerámica;Alberola Rojas;Match Report;
38;Sun;19.07.20;18:30;Valladolid;1.7;2–0;0.6;Betis;;Estadio Municipal José Zorrilla;Santiago Jaime;Match Report;
38;Sun;19.07.20;21:00;Espanyol;0.4;0–0;0.5;Celta Vigo;;RCDE Stadium;Adrián Cordero;Match Report;
38;Sun;19.07.20;21:00;Sevilla;0.7;1–0;0.3;Valencia;;Estadio Ramón Sánchez Pizjuán;José González;Match Report;
38;Sun;19.07.20;21:00;Granada;2.2;4–0;0.6;Athletic Club;;Estadio Nuevo Los Cármenes;Carlos del Cerro;Match Report;
38;Sun;19.07.20;21:00;Osasuna;0.8;2–2;0.6;Mallorca;;Estadio El Sadar;Antonio Matéu Lahoz;Match Report;
38;Sun;19.07.20;21:00;Levante;2.1;1–0;2;Getafe;;Estadio Ciudad de Valencia;Ricardo de Burgos;Match Report;
38;Sun;19.07.20;21:00;Atlético Madrid;1.1;1–1;0.3;Real Sociedad;;Estadio Wanda Metropolitano;Pablo González;Match Report;
38;Sun;19.07.20;21:00;Leganés;1.4;2–2;1.2;Real Madrid;;Estadio Municipal de Butarque;Guillermo Cuadra;Match Report;